class_index,class_name,f1,support
0,0,0.946236559139785,47
1,1,0.8842105263157894,47
2,2,0.7659574468085106,47
3,3,0.75,48
4,4,0.691358024691358,43
5,5,0.6966292134831461,46
