class_index,class_name,f1,support
0,0,0.8888888888888888,47
1,1,0.8172043010752689,47
2,2,0.49382716049382713,47
3,3,0.5555555555555556,48
4,4,0.6352941176470588,43
5,5,0.6,46
