class_index,class_name,f1,support
0,0,0.9247311827956989,47
1,1,0.8118811881188119,47
2,2,0.8089887640449438,47
3,3,0.7843137254901961,48
4,4,0.8,43
5,5,0.7252747252747253,46
